"","x"
"25411,28446",0.0307724164556728
"28105,28108",0.0808081838317662
"28106,28107",0.0455739105092799
"28111,28104",0.0356856764882981
"28399,28400",0.0592336617910427
"28401,28402",0.048034865762698
"28409,28410",0.0527144448485043
"28411,28110",0.056872455225439
"28415,28412",0.0730261214356354
"28421,28422",0.0298715238188923
"28423,28424",0.0271765621360744
"28426,28427",0.00833194675569859
"28428,28109",0.0276540207437199
"28430,28431",0.00671154315192557
"28432,28433",0.00732286584014193
"28434,28435",0.00652145792973561
"28437,28436",0.0232148593173185
"28439,28438",0.0170173019666053
"28440,28441",0.0139134336804431
"28442,28425",0.024000645864438
"28448,28447",0.0222910077796078
"28449,28467",0.0209437278389386
"28474,28420",0.0658040979133274
"28475,28476",0.0465336677559184
"28477,28478",0.0213514577243357
"28479,28480",0.0316619202500503
"28481,27077",0.0583705782013958
"28482,28483",0.0585856449830964
"23582,27653",0.0275827645067206
"27053,27052",0.0275304678901422
"27118,27751",0.0635562015656789
"27176,27737",0.0499866333177262
"27252,27647",0.0749802346647216
"27649,27648",0.0499866333177262
"27651,27650",0.0159332714599201
"27654,27655",0.0197207480605628
"27656,27657",0.0848457295385816
"27717,27718",0.027519428965781
"27731,27730",0.027519428965781
"27733,27732",0.00995573871751459
"27736,27735",0.0765071166391525
"27738,27734",0.0454126017290878
"27740,27739",0.0267686516031626
"27753,27752",0.0949980425455367
"27754,27755",0.0949296579083433
"27758,27757",0.088480745099958
"27760,27759",0.0687924919489953
"27764,27762",0.0249934115549072
"10079,26625",0.000723014939930916
"10423,14775",0.00126359344298247
"11074,12976",0.000536975435805434
"12976,25837",0.00035039882367006
"12976,26630",0.000305483022919417
"12976,27104",0.000516165705516624
"1397,7787",0.00021355732663621
"14666,23135",0.000513090013512348
"14775,10423",0.00090605712589888
"14840,23136",0.00093779986530438
"15449,24896",0.000196606650048239
"15453,24559",0.00407326256114993
"15454,26657",0.00142084758413097
"15464,22723",0.000865814918712385
"15464,26476",0.00101482527661392
"15478,118",0.0025510255489088
"15481,16685",0.00296248220735555
"15487,26635",0.000583312223340519
"15496,24587",0.000909087268343134
"15496,26519",0.000412236322235394
"15498,24572",0.00154324626802944
"15511,25277",0.000350081933739836
"15513,24507",0.00229850188981783
"15513,24510",0.00303155222226425
"15516,15517",0.00307712339273196
"15519,24541",0.00141374268392611
"15531,24611",0.000654001747580316
"15535,24610",0.00227349334090554
"15543,22752",0.00196078761456727
"15543,26609",0.0028671008396626
"15543,26611",0.00220951294007624
"15563,8160",0.000477617353824225
"15566,15569",0.00565964242272277
"15568,26559",0.000560934508937407
"15573,15569",0.00340436364508731
"15581,24727",0.00580640561055395
"15584,16695",0.000301324751519897
"15584,22949",0.000376765605395757
"15589,16835",0.000746451767597894
"15592,22757",0.00183888931233892
"15599,15603",0.00567507881052079
"15639,16884",0.000419062896641876
"15645,22398",0.00107772515682897
"15645,22801",0.00292394489979571
"15645,25837",0.00108088598440165
"15673,15672",0.000728722904907938
"15673,27170",0.00052438626030965
"15685,22923",0.00282609520076346
"15686,22959",0.000182012667479639
"15703,26683",0.00153559895764084
"15707,26535",0.00152010225192696
"15709,26532",0.000796974665739124
"15711,15716",0.000319606185044388
"15730,15729",0.000212482537625569
"15747,22711",0.00233109109093501
"15751,27203",0.000129113373844198
"15762,23033",6.98931337329435e-05
"15768,26672",0.00108853365444911
"15785,15788",0.000378041561558547
"15788,15785",0.000490970639459472
"16107,27037",0.000616130213930835
"16156,16153",0.000215471451165068
"16156,24865",0.000298527554074016
"16157,16153",0.000169689966684269
"16157,26687",0.000193054301964701
"16210,15591",0.00268797041414146
"16216,24593",0.0016872173595156
"16395,26674",0.000369076764972902
"16442,16446",0.00178151072578053
"16444,16445",0.000824207427497131
"16505,26570",9.14934160101507e-05
"16505,27338",0.000256874304336611
"16661,24213",0.000285111875744566
"16695,26716",9.47101574597379e-05
"16775,27060",5.3540519972968e-05
"16777,26937",0.000282848360035417
"16835,15589",0.000372314855599755
"16884,15639",0.00129670685538598
"16995,22911",0.000263629411425108
"16995,24895",0.000424019846314565
"17065,23066",0.000545370338581748
"17065,26144",0.000170217156744687
"17065,27078",0.000572163808096908
"17115,25279",0.000310539837303787
"17115,26525",0.000364806711780282
"17524,26938",0.000142876440414715
"17573,24963",0.000888314886368122
"18231,27945",0.0007426310139454
"18426,25279",0.000210988347670981
"18432,25403",0.00114647554541679
"18607,18606",0.000355141679927504
"18625,24039",0.00118368071175959
"18625,26651",0.000470108925595495
"18647,18646",0.000104169147449838
"18731,23161",0.000588354852200226
"18731,25835",0.00019708711245812
"18731,27624",0.000632998145015098
"18822,24546",3.08469976478428e-05
"18822,26482",0.000402101686333975
"19582,22770",0.00583753958243051
"20681,23132",0.00335225052271468
"22256,24373",0.000766576865451278
"22646,27906",0.000119939259663389
"22646,28014",0.000409112228005274
"22646,28136",5.02338284077387e-05
"22651,26668",0.00135669377198881
"22709,22710",0.00248170972469107
"22710,22709",0.0022095865176057
"22711,15747",0.00370753406278302
"22713,24637",0.00311730772534282
"22714,15439",0.00409809531532272
"22727,22724",0.0013745763427212
"22738,22739",0.00538758170341356
"22739,22738",0.00491390880851358
"22751,26611",0.000367419055962741
"22753,26525",0.000732668244171096
"22755,15601",0.00714444076698128
"22768,26552",0.00011394145464493
"22768,26553",0.000174913546774552
"22775,15448",0.00332471117698883
"22778,24573",0.000628889828321768
"22778,24574",0.000283487585627839
"22778,27394",0.000648357169755953
"22780,8239",0.00270848520334751
"22783,25211",0.000106655414177519
"22783,27195",0.0001276976008426
"22794,22800",0.000528280593465394
"22799,26627",0.000258498087771324
"22802,139",0.00406110514705859
"22803,26551",0.00127153052308835
"22806,24501",0.000810158421689328
"22818,26477",0.00139709832596957
"22824,24634",0.0011518587842202
"22824,27128",0.000601079508466781
"22830,22827",0.0011788128571021
"22843,24595",0.000524385961585513
"22844,15652",0.0061203578606926
"22846,15615",0.0100872469782799
"22851,24886",0.00172018058843386
"22851,26741",0.000410299471338761
"22852,18230",0.0023194588713889
"22853,24605",0.000926812183458694
"22856,24515",0.00106881451401239
"22875,22876",0.00136765100803712
"22875,22877",0.00116784553107583
"22875,26484",0.000949530312593014
"22876,26483",0.00108547758092018
"22880,26669",0.00122249699209423
"22881,24721",0.000728298864665087
"22909,24804",0.000247728655015316
"22909,25370",0.000125347373546718
"22909,28485",0.000278191273997243
"22911,24895",0.000787503755696306
"22911,26784",0.000318673529911384
"22911,27741",0.00111103014925974
"22913,24326",0.000840906971842898
"22916,22917",0.00630963571477684
"22917,22916",0.00164496442890895
"22918,15551",0.00151917479207153
"22918,25531",0.00204546825328285
"22919,22920",0.00339915324633684
"22920,22919",0.0129456478195164
"22921,24773",0.00239495824099394
"22922,22925",0.001785667506886
"22927,26591",0.00011256909570531
"22928,24779",0.000623120436454447
"22935,15788",0.000810074696560772
"22935,24850",0.000146104648389117
"22935,24918",0.0003872708419693
"22935,27139",0.00109566679967645
"22941,25863",0.000269990851913887
"22959,24779",0.000473737830367618
"22997,24852",8.4017362446341e-05
"22997,24856",0.000274996775003508
"23007,23005",0.000536346499354533
"23007,26569",0.00029132447207217
"23008,26568",0.000354292718531545
"23015,26582",0.000548908016697002
"23015,28405",0.000135627273164427
"23022,23023",0.00315756430811745
"23044,24577",0.00169596054301804
"23044,26662",0.000407403945025793
"23044,26663",0.000710565447684543
"23056,17065",0.00094926957273141
"23061,24851",0.000473737830367618
"23066,27078",0.000202164406609032
"23088,23087",0.0109435333140783
"23090,24696",0.00146177740154397
"23090,26532",0.00106679210456693
"23093,26531",0.0037463419177759
"23099,16397",0.000263016327248572
"23099,25342",0.000394255094739534
"23109,24114",0.00041564426109898
"23131,1716",0.00128112175527071
"23132,20681",0.00195242690644512
"23135,14666",0.0012185921906562
"23135,26685",0.000253148119724864
"23136,14840",0.000651656273931301
"23149,16990",6.83046523512199e-05
"23156,26632",0.00105493216789598
"23157,26634",0.000470709002717553
"23163,23583",0.000302469198375213
"23168,26697",0.00249089575289554
"23171,23572",4.80762914826685e-05
"23172,22651",0.000931673881953574
"23172,26674",0.000932241699850035
"23172,9329",0.00179894190560669
"23173,16392",0.0023576009515457
"23183,23189",0.00114690964890444
"23191,16456",0.000976490816831093
"23191,23187",0.000564610030849645
"23200,16107",0.000544814269543264
"23293,24872",0.000703461391859269
"23297,23300",0.000715063054720403
"23297,24872",0.000671660389052188
"23300,23293",0.000255786640817736
"23300,23297",0.000705494221101401
"23314,23367",0.000896913130204617
"23315,18878",0.00333131543019976
"23322,24524",2.52430003835188e-05
"23357,23355",0.000523575873849837
"23366,26486",0.000494173127193089
"23366,26537",0.000198378201603475
"23367,26852",0.000601567949833412
"23389,23390",0.000874960355306032
"23394,23393",0.00162905899877443
"23397,23400",0.000739272323037368
"23399,23397",0.000857763979052426
"23410,25863",0.000266852270703358
"23411,23412",0.000422966905401385
"23415,24792",0.000601412294696614
"23449,23451",0.001666455341517
"23450,25961",0.000708944164165797
"23451,23449",0.00112007504008073
"23451,27001",0.000649320690944373
"23454,27467",0.000592500836459001
"23455,27062",0.000448186904161942
"23455,27063",0.000366277707801665
"23487,23367",0.000645636595821026
"23487,26852",0.00053000104765331
"23496,25311",0.00035857092694662
"23496,26899",0.000258343588108096
"23507,26899",0.000374558772846552
"23507,27163",0.000190889372563828
"23507,28210",8.15362817513834e-05
"23513,24581",0.000158909383437209
"23513,24582",0.000365606098712186
"23518,26653",0.000377656695486562
"23583,18234",0.000551092099182581
"23583,23163",0.000267529592627791
"23583,26992",0.00018447983026008
"23603,14828",0.000157417468056709
"23603,26840",0.000653824602009229
"23603,27554",0.00017751952725061
"23682,25170",0.00058654947714735
"23682,27467",0.000810140034737818
"23693,23698",0.000371485819585216
"23694,23693",0.000733154605537856
"23698,23697",0.00066891656121945
"23718,25738",0.00105939062873534
"23718,27108",0.000722704142026584
"23718,27209",0.000231311223662708
"23718,27211",0.000177205882661638
"23723,23722",0.000754311969143566
"23730,25984",0.000202119733368421
"23770,24959",0.000620561701824956
"23818,23653",7.63345390773139e-05
"23818,25738",0.000184325148852184
"23818,27213",0.000230014572463545
"23900,23279",0.000215986848832333
"23900,24682",0.000289775820671606
"24023,18234",0.000250499020401064
"24039,18625",0.000887886875244552
"24064,24101",0.00118649426276799
"24065,26457",0.000446860589931571
"24079,25279",0.000559605264940132
"24079,27628",0.000181205204459536
"24080,24509",0.00103135775758324
"24099,24509",0.000545470181254467
"24101,24568",0.000569736513938203
"24134,24119",0.000689357910014772
"24185,26435",0.000221987116553634
"24186,24144",0.000988618617417336
"24186,24622",0.000387229855432404
"24213,16661",0.0002485980099625
"24217,24218",0.000611961345951512
"24218,24217",0.000413251476922314
"24286,23109",0.00043972852411009
"24296,26946",0.000164194140230276
"24296,27544",0.000232522323628723
"24326,22913",0.00159888624678292
"24340,24286",0.000261487362188901
"24372,22851",0.00172183679441633
"24373,22256",0.000923859513413217
"24373,24895",0.00135130541279706
"24383,15683",0.000426479929601394
"24495,22804",0.00100251838316268
"24496,22806",0.000364030588613642
"24499,26552",0.000286482389193831
"24500,24498",0.0012680981218541
"24501,24502",0.000614950713597591
"24502,24501",0.000766893331348213
"24506,24507",0.000979532217784428
"24507,24509",0.00174334023474126
"24509,24080",0.00149711608824811
"24510,15513",0.00322941463549978
"24513,24514",0.00092353293165745
"24514,24512",0.000787881085358491
"24514,8160",0.000938935881392438
"24515,22856",0.000544248559407913
"24517,26486",0.000848339345976718
"24517,9202",0.000907187620674779
"24520,23366",0.000619554909072349
"24520,25866",0.000962506863688767
"24521,24522",0.0014247484979365
"24529,24697",0.00191507193527828
"24530,24531",0.000158717612946014
"24530,26500",0.000913337240700539
"24540,22838",0.00135265652096521
"24540,27658",0.000735395999889409
"24541,15519",0.00271398716945814
"24545,22743",0.00138953078467126
"24546,24554",0.000797646984617705
"24547,24548",0.000188833972609883
"24548,24547",0.000685158782414441
"24552,24554",0.000727754078415853
"24556,16456",0.00104365414251521
"24556,23187",0.00227287563880776
"24567,22829",0.00197630048666382
"24567,26456",0.000404838370303337
"24570,24569",0.000980915888572122
"24572,15498",0.00227822617876208
"24575,23046",0.00105809040803712
"24576,23046",0.00103840686824276
"24576,24577",0.000615706173910992
"24577,23046",0.000715141052517497
"24577,24576",0.000749912465582625
"24577,26663",0.000229090281092713
"24586,26655",0.002441754897208
"24589,24591",0.000467256489517209
"24590,27344",7.32048006379536e-05
"24595,26467",0.000475914718569174
"24596,22746",0.000735766972364492
"24596,26482",0.000497356888294159
"24601,24599",0.00203449717076281
"24604,24606",0.00211407317867966
"24605,24649",0.000373437254120736
"24606,24604",0.00293328435656562
"24609,24608",0.00149914707568469
"24610,15535",0.00126903908640094
"24611,15531",0.000499650882849485
"24611,24608",0.00164560211896752
"24612,24608",0.000629796236860666
"24613,23279",0.000827622003395413
"24613,26680",0.000324084030317646
"24617,24616",0.000393952518202243
"24618,24615",9.98185913874044e-05
"24620,24621",3.97755547009185e-05
"24620,24622",0.000212631119115816
"24622,24186",0.000261177263664161
"24622,24620",0.000328158728055922
"24623,22837",0.000631942981377697
"24623,26437",0.000313365814743986
"24624,26484",0.00124059152713325
"24632,26445",0.000479592232001226
"24634,22824",0.000369952141006128
"24634,26478",0.000366107908276784
"24637,22713",0.00338869858294058
"24640,26987",9.70026201820419e-05
"24640,26990",0.000215957997583145
"24640,27286",0.000117540291539312
"24649,22853",0.000513152551035657
"24649,26550",0.000367816759432343
"24649,27033",0.000139781137152003
"24674,23366",0.00109215168285021
"24676,15566",0.00239978083188879
"24676,15573",0.00396451064888084
"24676,26511",0.000701177893619612
"24677,24678",0.00120102183287839
"24677,26511",0.000869195093461893
"24677,26559",0.00107732180684327
"24678,26559",0.00092281553764371
"24680,24682",0.00043267702436621
"24681,16730",0.000301133447911007
"24694,24693",0.00161519221587072
"24694,26532",0.0012049439228564
"24694,26535",0.00151685014349338
"24695,15704",0.00360965749323254
"24697,24529",0.0010691310133047
"24705,27385",0.000167857703357861
"24709,24712",0.0029926972656709
"24721,22881",0.000857696160648553
"24722,24725",0.00124583374091114
"24725,24722",0.000797775291275579
"24725,26599",0.00112706299068979
"24731,14828",0.000141551683224918
"24731,24732",0.000153800248627422
"24732,14828",0.000124521689837844
"24735,23039",0.000100570260184796
"24735,25933",0.000764605722074564
"24735,26746",0.000759435486023664
"24738,23039",0.000548003816442426
"24738,24735",0.000270500119705216
"24738,25932",0.00105821869154295
"24738,26746",0.000858346395679272
"24738,28100",0.000263895623395804
"24750,26826",0.000337164478558263
"24758,26539",0.00036344752128509
"24775,26589",0.000696212674731008
"24776,24774",0.00210678918294599
"24777,15688",0.00143139988559676
"24778,22921",0.000485277200517909
"24778,26588",0.0011335655312446
"24791,24790",0.00138923927164005
"24791,26819",0.00127759468546638
"24791,27387",0.00103544883263965
"24804,26827",0.000210095805386017
"24809,26582",0.000508935709516665
"24819,14666",0.000819651533325197
"24819,26684",0.000464224409360934
"24819,26685",0.000847138168754382
"24826,23190",0.0005047915205635
"24826,24823",0.000272778269703235
"24826,24838",0.000728446254238213
"24827,24826",0.000711491972370621
"24827,24835",0.000866144964292964
"24828,23190",0.000500639667480835
"24828,23191",0.000523953187568844
"24828,24823",0.000740949922328369
"24830,24820",0.0011974471159058
"24835,23190",0.00101903437292083
"24838,23190",0.000301631212874574
"24851,23061",0.000801014411361859
"24856,24852",0.000345403124303258
"24865,24868",0.000705135977744914
"24865,24941",0.000346364195856056
"24865,24943",0.00120156377401325
"24865,26693",0.000481667212221828
"24866,24941",0.000286235469319635
"24866,24943",6.15374437871581e-05
"24869,24870",0.000202276647090806
"24872,23297",7.76849768648432e-05
"24872,24985",0.000686144401162725
"24873,24875",0.000110101472477616
"24875,25273",0.000351790816038078
"24886,22851",0.000385960202978779
"24886,24886",0.000106078393293077
"24898,26674",7.34131901195239e-05
"24900,27710",0.000575019635567223
"24901,26191",0.000300627055732371
"24911,26576",0.000352942256395962
"24912,26575",0.00239560661609872
"24913,15551",0.00170653281861369
"24913,26576",0.000730365983367094
"24918,22935",0.000724485667181359
"24921,25217",0.000437793457478558
"24921,26515",3.27353324765317e-05
"24928,26663",0.000615519282862096
"24950,25500",0.00137220250515117
"24959,23770",0.000976752282580055
"24962,25527",0.000211184397453771
"24965,18943",0.000201907671890689
"24976,26801",0.00051868099834564
"24982,24986",0.000325415495483738
"24985,24872",0.000241024535598581
"24985,24990",0.00039492497839356
"24990,26769",0.000166055102115909
"25012,25016",0.000306043309314768
"25016,26716",0.000562848774270444
"25039,26783",0.00298304212855144
"25039,27098",0.000183546201575009
"25047,26745",0.000129729219625649
"25063,25068",0.00129786171944524
"25065,23755",0.000218951656580522
"25068,25063",0.000887096041980346
"25079,25078",0.000124817073809335
"25079,25305",0.00032363035461078
"25081,25079",0.000314289687219072
"25081,25305",0.000337465797972931
"25085,28024",8.56986355010417e-05
"25093,25092",0.000139600183934634
"25093,26478",0.00142403568660389
"25117,23155",0.0003260013300381
"25117,26636",0.00105208725829685
"25142,25143",0.000587806421914091
"25142,25144",0.00012535840381477
"25142,27259",0.000300466641948623
"25142,9034",0.000264173400214634
"25144,26879",0.000371629848610709
"25147,25148",0.000252363186563024
"25150,25389",3.99209929055802e-05
"25162,27190",0.000814754855876147
"25163,23454",0.000164086937528457
"25166,23453",0.000323530863795195
"25166,25161",0.000156081793589368
"25170,24960",0.00085748371264897
"25171,25590",8.95460433147819e-05
"25195,25557",0.000285371570368023
"25195,27394",0.000300493029109174
"25196,25218",8.94950607239644e-05
"25202,25366",0.000435233869843446
"25202,27169",0.000920815378530686
"25207,25877",0.000210160190981913
"25207,26807",0.000362859599061941
"25210,15589",0.000187928572088418
"25210,22783",0.00010311962033048
"25211,25212",0.000160888951270181
"25211,27195",0.000241879776864146
"25217,27564",0.000582918914666729
"25218,22941",0.000217624880161988
"25218,25336",0.000582085572365552
"25226,25275",0.000109012197899616
"25226,27107",0.000476151990121886
"25230,23015",0.000174023905706832
"25244,27031",0.000787133841431352
"25244,27032",0.00193829628739795
"25260,25262",0.00164997800508528
"25262,23693",0.00192265713481191
"25262,25258",0.000415407460585548
"25266,26612",0.00107857396441042
"25273,25174",0.000124870920303704
"25275,25648",0.000896328498112736
"25279,26525",0.00109835835737506
"25283,25281",0.000136585259199636
"25299,23721",0.000726296238461339
"25303,24900",0.000275834922358166
"25311,16783",0.0001743027204956
"25311,25215",0.000263593911165688
"25324,28159",0.00149582634978911
"25336,22941",0.00132828838073949
"25336,23410",0.000596178963473938
"25336,27659",0.000555137179499045
"25340,26973",0.000382628548519473
"25342,25340",6.20024004522495e-05
"25361,27470",0.000161054218650949
"25370,26150",4.48175409429008e-05
"25373,27158",0.000344091252130989
"25373,27916",0.000111433288368722
"25394,25390",0.000168643414155688
"25395,1441",0.00039341537213665
"25397,25396",0.000628655906836846
"25408,24637",0.00139321761915509
"25409,27322",0.000453651996446429
"25427,27326",0.000382871771036836
"25434,25431",0.000572781426736522
"25440,25442",0.000597618562698353
"25440,25799",0.00167076613778025
"25440,28117",0.000183788496013409
"25449,26823",0.000233182886823149
"25500,16783",0.00127262977660309
"25500,24950",0.00115997459363089
"25500,27300",0.00128882004628629
"25534,27390",0.000568799430504625
"25535,23279",0.000381564347480666
"25557,25195",5.09269410754866e-05
"25557,25196",0.000282467086764061
"25592,27466",0.000656244841930731
"25732,25733",0.000160332909177578
"25733,25835",0.000966594575456305
"25738,27206",0.000758637305896135
"25738,27209",0.00101970528744938
"25749,24853",0.000421920809444158
"25749,27308",0.000714392416586369
"25749,27310",0.000146126362696777
"25758,25491",0.000477088808396932
"25776,23507",9.85413619812917e-05
"25776,26186",0.000118488929033065
"25792,27331",0.000241356220771805
"25798,25797",0.000209347085506668
"25798,28289",0.000464175747408437
"25817,24531",0.000118564304289321
"25817,26501",0.000929793777846046
"25831,25963",0.000423470999777715
"25831,26454",0.000849246112516043
"25831,27321",0.000267649206717062
"25837,22398",0.000504795780150228
"25845,27342",0.000242909755977378
"25846,26138",0.00050189511713673
"25859,25196",5.74736131268229e-05
"25860,24866",0.000657142539810023
"25860,26690",0.000235793284613503
"25877,26807",0.000626512070930352
"25907,26605",0.000758552757169452
"25930,25932",0.000213671460123698
"25930,26976",0.00109173136326751
"25930,26979",0.000824019834017855
"25932,25930",0.000417870839803267
"25932,25933",0.000823618110532463
"25933,26979",0.000726158045909462
"25934,23583",0.000278128568349099
"25951,26969",0.00114911164493539
"25957,24731",0.000107144468602098
"25957,27214",0.000147162079838376
"25961,27001",0.00102192842301472
"25964,24334",0.000259251516220342
"25964,25493",0.000431863020876583
"25977,24723",0.000626913717753267
"25977,26606",0.000350411787479397
"25977,27358",5.6302500215773e-05
"25983,24334",2.64512783569232e-05
"25988,27365",0.000926546724266053
"25989,22712",0.00178983524371802
"25998,27075",0.000415798773052584
"26011,26010",0.000618800719904772
"26039,26953",0.000292906806457629
"26044,27057",0.000831653160066702
"26055,24928",0.000189579343528306
"26055,26665",0.000367093092320535
"26130,26847",0.000824467082633806
"26130,26848",0.000469139707770713
"26131,27206",0.000325187575055996
"26144,23066",0.000365375634201565
"26144,27078",0.000352038166454188
"26156,27323",0.000365703980557161
"26156,27326",0.000267838667179422
"26158,25092",0.000735978176620675
"26158,25093",0.0003845388648614
"26158,28148",0.000248243816153201
"26181,27786",0.000536638813312354
"26184,27047",0.00195015679633882
"26184,27526",0.000554348770048329
"26184,28225",0.00116280680230294
"26185,27270",9.60937153126435e-05
"26185,27748",0.000308900887525858
"26380,27118",0.000446323487535492
"26436,26434",0.00143854069192806
"26437,25601",6.7983315851305e-05
"26438,15446",0.00468622820858897
"26439,15446",0.00092081880938664
"26439,26440",0.000225552647188843
"26439,26441",0.000336502237873644
"26441,26846",0.00060844565485615
"26443,24548",0.000275953548003718
"26444,24547",0.00125279073152627
"26444,26443",0.000800012686950851
"26445,24507",0.000490553407290495
"26445,24632",0.00158925364040867
"26450,8197",0.00141803731527524
"26453,26454",0.000394476278676261
"26453,27321",0.000325990716861843
"26456,24567",0.000858659146377739
"26456,26453",0.000464747847687781
"26456,27939",0.000668122608017415
"26460,26459",0.000212957480572516
"26461,26460",0.00015537858135232
"26462,26465",0.000476941832929842
"26466,26459",0.000261774852520285
"26466,26461",0.000323040098181256
"26468,26470",0.000168100461342344
"26469,22843",0.000362181832569907
"26469,26470",0.000349773855384111
"26471,22723",0.000117368739441781
"26471,26476",0.000172443161765217
"26471,26492",0.00105648379093929
"26473,26475",0.000362937526329617
"26474,24543",0.000234666615239555
"26475,26473",0.00144777948739383
"26476,26719",0.000242952507285663
"26477,22818",0.000769299150859255
"26478,24634",0.000256228884467227
"26479,25805",0.000779806592741001
"26482,18822",0.0002978067587135
"26482,24596",0.00018508301592368
"26482,26503",0.00027371904474656
"26482,26504",0.000478733566472427
"26482,26505",0.00054987037773545
"26483,22876",0.00104492685293192
"26484,24624",0.0022164358287
"26485,23366",0.00124413107452098
"26485,24588",0.00312332335007998
"26486,24517",0.00100872768496536
"26487,26488",0.000809088323887388
"26488,26487",0.000359548058585573
"26490,23900",0.000162685009041055
"26490,24680",0.000433948725870729
"26490,24681",0.000533414362847132
"26490,26489",0.00069222735836451
"26491,26492",2.41396510310863e-05
"26492,26719",0.000256691370038261
"26492,26735",7.5552606432273e-05
"26494,26493",0.000328720377883941
"26495,24697",0.00129241333873351
"26495,25817",0.000850785475861163
"26495,26497",0.00106335836165237
"26497,26498",0.000541632546025872
"26499,26500",0.000956549611767003
"26499,26501",0.000992874107485519
"26502,26496",0.00169672217080367
"26504,24986",0.000206762264904287
"26504,26503",0.000827809782345758
"26505,24546",0.000487115714663615
"26505,26504",0.000721923666809323
"26507,26506",0.00140517229436025
"26508,26198",0.00138562874422702
"26510,26504",0.000248956821794733
"26510,26505",0.000779067981640594
"26512,25835",0.00098925500127526
"26512,27002",0.000541887826651469
"26519,24587",0.00115278151085794
"26519,26520",0.000561499079052474
"26519,26521",0.000360388780708975
"26526,26506",0.00157374588605142
"26528,24615",9.38504563304335e-05
"26529,26528",0.000408715123090865
"26530,26652",0.000168351770145343
"26534,24694",0.000811882335889905
"26534,26533",0.000785589023396151
"26537,25866",0.000723014939930916
"26537,26538",0.00115834542146193
"26537,9202",0.000377681264770201
"26538,24520",0.000569270890728072
"26538,26537",0.000685786886538947
"26538,27941",0.000741442102809858
"26540,24109",0.000446235389560463
"26549,24805",0.00022642485143742
"26550,22853",0.000192517300226063
"26550,24605",0.000800747036937034
"26554,26553",0.000425890719359125
"26557,26558",0.0018519178729808
"26560,24678",0.000497306453608523
"26560,26511",0.000859775560026396
"26563,15534",0.000531539254211939
"26564,26566",0.000477637479066286
"26565,15531",0.000783880864795034
"26565,24013",0.000831526975099273
"26565,24612",0.000686872446669597
"26567,24574",0.00156354574527645
"26567,27394",0.000143810974156597
"26568,23008",0.000499138352348756
"26569,26570",0.000170405812761657
"26569,27338",0.000228870491594557
"26571,22944",0.000383411640092406
"26579,26578",0.00108164304280122
"26580,26581",0.000226924279905325
"26582,23015",0.000529112981040722
"26583,25749",0.000179866280767958
"26585,24852",0.000128335380334613
"26585,24856",0.000467595481666731
"26585,27308",0.000274105007022533
"26586,15689",0.00037145195548815
"26586,24779",0.000336392370258549
"26586,24937",0.000289560796017441
"26590,24779",0.000349310327821292
"26592,24937",0.000723014939930916
"26592,26586",9.11376275376081e-05
"26593,26594",0.00169879651100139
"26594,26593",0.00385262343752176
"26595,26596",0.00142865430716933
"26596,26595",0.00136835189802911
"26598,24779",0.00103031789625631
"26598,26597",0.00115751171532645
"26599,24725",0.00147462272305847
"26599,26600",0.00124445046123942
"26601,26600",0.00140837698664764
"26601,26602",0.00121010638575433
"26602,24723",0.000924384507256322
"26602,26601",0.000848100786884441
"26602,95",0.000384123700054493
"26603,24723",0.000529761819176068
"26603,26600",0.000739948086791444
"26604,26603",0.000530465732134288
"26607,24921",0.000380148679099797
"26608,26609",0.00148564943312711
"26612,25266",0.00032464607997133
"26622,25837",0.00200704533187347
"26622,26625",0.000325880697351452
"26623,12976",0.000742620691415152
"26623,24630",0.000258845180228352
"26623,26631",0.000541422606962293
"26623,28199",0.000135631939548281
"26624,26627",0.000723014939930916
"26624,26629",6.78027810683263e-05
"26627,22398",0.000135627273164427
"26627,27104",0.000206569477328345
"26628,28042",0.000181186281766276
"26633,15488",0.0030424595948706
"26634,26636",0.00134005984432841
"26638,26642",0.000194754539255965
"26643,24581",0.000164416141239261
"26643,24585",6.45809056748813e-05
"26646,26637",0.000468600907450375
"26646,26638",0.000524273493668093
"26647,26642",0.000461562682698322
"26651,18625",0.000994640860509298
"26653,23518",0.00109174649659772
"26654,24842",0.000641141950285614
"26656,26657",0.00103236541819069
"26657,26656",0.00020527981500052
"26658,26657",0.00139604258980285
"26658,26661",0.000430275632074968
"26659,26658",0.00078303034585364
"26660,26657",0.000512502662485316
"26660,26659",0.000107975636869181
"26660,26661",5.40697704011224e-05
"26662,26663",0.00134939660845546
"26663,23044",0.000531913336888614
"26666,26667",0.000642013990175772
"26669,26672",0.00101322765820184
"26670,25238",0.00010569972719696
"26671,26669",0.000422548694058208
"26672,26483",0.000798080292036354
"26673,24863",0.00132652032806056
"26675,26676",0.000533667610190694
"26676,26675",0.000629273680728317
"26678,26679",0.000490918868396037
"26678,26684",0.00096790490324411
"26678,26685",0.000593107355865505
"26679,24819",0.00070442856618415
"26679,27662",0.000176177361258929
"26680,23029",0.000450436492433489
"26680,24613",0.000346708178792067
"26685,23135",0.00101646571089421
"26685,23967",0.000173436079903079
"26686,26691",0.000437983801853142
"26686,26693",0.00120222715712964
"26687,26689",0.000670168165925928
"26688,26689",0.00124173514636196
"26688,26973",0.000723014939930916
"26689,26691",0.000187351918677804
"26689,26694",0.000565710701835329
"26691,26689",0.00063694181880897
"26692,26695",0.00067779632924212
"26694,26689",0.00227078375926754
"26694,26692",0.000711484992270502
"26694,26693",0.000388859048291905
"26698,25263",0.000262325219483734
"26699,26700",0.000261657452374059
"26701,26839",0.000781668708021057
"26701,27214",7.71328442375926e-05
"26701,28203",0.000608625062027824
"26702,26701",0.000144019590736006
"26702,26834",0.000675061469228087
"26702,26836",0.000174650150813176
"26705,26706",0.000290286009569809
"26718,26719",3.3269191603138e-05
"26720,25221",0.00107536812001808
"26725,26670",0.000190025350474842
"26725,27319",0.0003191929144492
"26726,24592",0.00205315217288754
"26727,26717",0.000715924172679548
"26731,26152",0.000723014939930916
"26734,26729",0.000515797240657253
"26735,26717",0.000271102051663506
"26735,26733",8.56609459952682e-05
"26735,26736",0.00013591738987808
"26738,26736",0.000220800772669454
"26738,26737",0.000309683383394506
"26739,26680",0.000166204023409412
"26740,24886",0.000614346482428186
"26741,26743",0.000368669450559224
"26743,26741",0.000554347542202653
"26743,26742",0.000217623817448993
"26744,26742",0.000225482112234816
"26746,28100",0.000175332307464677
"26759,26761",0.000690790167551293
"26759,26769",0.00034737395083453
"26760,26762",0.000399927288869794
"26762,26761",0.00200114184966736
"26763,26764",0.00119182624239501
"26764,26763",0.000518987740482472
"26767,26769",0.000169988768387813
"26780,24144",0.000852389545385688
"26780,24185",0.000465973761016242
"26780,24621",0.000691543550782439
"26780,26435",0.000870898398992337
"26783,27096",0.000657966818105975
"26784,22911",0.000555617545362889
"26784,24895",0.000301030947168023
"26784,26785",0.00117207868268575
"26786,26788",0.000265056344406136
"26786,26799",0.000566469795598768
"26787,27141",0.00021472578048242
"26788,26790",0.000511720800924934
"26788,26799",0.000435564509769613
"26790,26792",0.000397065405217228
"26791,26793",0.000226902770440158
"26791,26794",5.28248960300314e-05
"26792,26793",0.00022114781636088
"26794,27141",1.68369100838988e-05
"26797,26799",7.80629953198203e-05
"26802,24976",0.000109023697094354
"26802,26801",0.000433346204575303
"26803,24976",0.000491735501269465
"26803,25804",0.000351874877464611
"26806,26807",0.000227388506476071
"26807,25877",0.0010178552616586
"26808,26809",0.00101582816414332
"26809,26808",0.000157720027818081
"26815,26816",0.0012681292646976
"26815,26817",0.00201813786038231
"26817,26822",0.000998664450242756
"26818,26821",0.0011890950768493
"26819,26820",0.000913076929298661
"26823,22909",0.000177901944791536
"26823,26827",0.000168958895776082
"26824,24750",0.000285348272644765
"26824,26826",0.00058083753209437
"26828,25601",0.00020067584953609
"26830,26828",3.76414014880504e-05
"26834,25754",0.000209175476331655
"26834,27214",0.000401625257937078
"26835,26836",0.000336995168384813
"26840,26702",0.0004994047305944
"26840,27214",0.000109902786266612
"26842,26841",0.000600061738918222
"26847,24761",0.000219188364408393
"26847,26130",0.000670540918970523
"26847,26849",0.000764642945471891
"26848,24761",0.000780890034703513
"26849,26130",0.000743479823198953
"26849,26847",0.000644573956412105
"26849,26848",0.000227056314132992
"26849,28487",0.000263896873170183
"26853,26854",0.000682472637488962
"26855,24875",0.000577885445277353
"26855,26859",0.00117852939331796
"26856,26855",0.000635923689090577
"26856,26857",0.000896258140839853
"26857,26853",0.000774055400887499
"26858,26854",0.000723014939930916
"26858,26855",0.00032792601793247
"26858,26857",0.000436042396086673
"26858,26860",0.000172455477111784
"26858,27374",0.000421242892565089
"26859,26853",0.000205991352798729
"26859,26854",0.000308863528834255
"26860,26859",0.00099673958750965
"26866,26864",0.000955696557443661
"26866,27238",0.0012423191872941
"26868,26865",0.000447908738893148
"26868,27238",0.00140844494611444
"26870,26603",0.000724833306820801
"26870,26605",0.00100064564313187
"26870,26606",0.000489342865330751
"26870,95",9.99017536357694e-05
"26871,26872",0.0003989933942822
"26873,25144",0.000905443429537207
"26873,25290",0.00061542156476086
"26877,26880",0.000336790387701023
"26878,26876",0.000828012091411709
"26879,25143",0.000153119712108783
"26899,16783",0.000290244200793852
"26899,27714",0.000203399122707839
"26900,27127",0.000252455462904882
"26905,26900",0.000104139820135485
"26905,26901",0.000134595491202812
"26905,27126",4.39580261745284e-05
"26907,26906",0.000516260657319385
"26908,26909",0.00135912201549983
"26908,26912",0.00175523212801019
"26908,26916",0.0012581512631137
"26908,26925",0.00293931613698597
"26908,27030",0.00269664468944453
"26910,26911",0.000179420744472744
"26911,26917",0.00101682309586099
"26912,26913",0.00165286996395855
"26914,26915",0.00378285067526265
"26917,26916",0.000564951141415248
"26918,26909",0.00152712231417837
"26918,26919",0.00123716916026028
"26918,26922",0.00058370513860301
"26918,27030",0.000349909722566918
"26922,26916",0.00167420656502155
"26922,27310",0.000288530683995111
"26923,26911",0.00231629825871119
"26924,26917",0.000250417887239997
"26924,26923",0.00020684744568987
"26925,26919",0.00118978722686461
"26926,26909",0.000349843348381616
"26926,26910",0.000269722925257659
"26926,26923",0.000404289701999981
"26926,26925",0.000697002936936207
"26930,27079",0.00227680620480215
"26932,23159",9.14711480832829e-05
"26932,26139",0.000947172751163544
"26932,26933",0.000447786955027572
"26933,27745",0.00023794081610185
"26934,26933",9.31900367634088e-05
"26936,26935",0.00111641552543097
"26936,27732",0.000723014939930916
"26937,16777",0.000856568346886757
"26937,26938",0.00187044090887334
"26939,17524",0.000459895797590289
"26939,24963",0.000359696276316322
"26939,26938",0.000301270584253656
"26939,26953",9.99429488039849e-05
"26940,26889",7.63919766981402e-05
"26940,26941",0.000252862705362457
"26942,26944",0.000212565161025829
"26942,27118",0.000855402041392712
"26942,27730",0.000577078832148083
"26946,26008",0.000542844204913979
"26946,28230",9.59733616515629e-05
"26950,26039",0.00053594805659551
"26950,26948",0.0015904873149333
"26950,26957",0.000625013611269473
"26953,24963",0.00010112456890573
"26953,26948",0.000163380314708767
"26953,28379",0.000825952406423415
"26954,26955",0.000230250236293722
"26956,26948",0.00161341712135299
"26956,26957",0.000710795597591984
"26962,26964",0.000426521629893714
"26966,26963",7.43476569200695e-05
"26969,28418",4.96935213089826e-05
"26972,26964",0.000870532428509551
"26972,26965",0.000354665296331306
"26975,25930",0.000921549190123076
"26975,26979",4.82754389884577e-05
"26975,26980",0.000331587244194329
"26977,26979",0.000715451039710897
"26979,26977",0.00112128793676909
"26980,26975",0.00112128793676909
"26981,22712",0.00138778786880628
"26981,24637",0.00272065339165845
"26982,26983",0.000470156259991398
"26983,26987",0.000131388940506539
"26984,26985",0.000702787916959802
"26985,26982",0.000156166597296959
"26985,26984",0.000729653208566391
"26986,26987",0.000159928888834464
"26988,26989",0.00014724012490049
"26990,24640",0.000286082361197996
"26990,26987",0.000175449302052779
"26991,26992",0.000407235162410944
"26992,26991",0.000251658266786505
"26993,26994",0.000314514708084883
"26993,26995",0.00102422136317036
"26995,26993",0.000348676967299966
"26995,26996",0.000139292201333348
"26995,27393",0.000541887826651469
"26997,25934",0.00017320006526732
"27000,24959",0.00111171231214977
"27000,27001",0.000649969640143279
"27001,25961",0.000646625709385823
"27005,27006",0.000142601815538882
"27006,27005",0.00149293547715124
"27007,27004",0.000414884043936199
"27008,27004",0.000454476044260427
"27008,27007",0.000640326740620017
"27008,28067",0.000451379647306035
"27009,27008",0.000630955654936191
"27025,27026",0.000292763126391088
"27029,26659",5.1450975818961e-05
"27029,27028",0.000365457434612953
"27030,26919",0.00197435028783998
"27033,27032",0.00158819901852259
"27034,27037",0.000431249536721039
"27035,27036",0.00014137348793038
"27042,26652",0.000249532868038973
"27042,27205",9.723472103955e-05
"27042,27931",0.000184939498244603
"27043,27743",0.000136296605529591
"27045,26640",0.000292056609177631
"27045,26646",0.000455140753589662
"27048,27049",0.000723014939930916
"27048,27050",3.89368845080999e-05
"27053,27252",0.000345609223342473
"27057,23270",6.9895478784199e-05
"27060,27059",0.000391013063730909
"27061,27144",0.000237928272234084
"27063,27103",0.000463873114134785
"27075,26783",0.00123946817547683
"27075,26785",0.000377325834335569
"27075,27098",0.000178191755818236
"27095,27096",0.000294471409954772
"27095,28366",0.000377643996176458
"27096,22911",0.000117794491047538
"27096,26783",0.00095864623180837
"27096,27098",0.00139764942227087
"27097,27098",2.28417947624117e-05
"27098,26785",0.00158485623583192
"27104,26631",0.000275043794973256
"27105,27143",0.000127981077202316
"27105,27158",0.000276893383488855
"27105,27369",0.000680728204741875
"27107,25648",0.000365811867819893
"27121,27120",0.000428545046492825
"27121,28486",0.00143383670505536
"27123,27124",8.04485956079658e-05
"27123,27127",0.000160726699977662
"27123,27269",3.63622482827881e-05
"27124,26900",4.29923077929107e-05
"27126,28464",0.000129233594892978
"27128,26480",0.000146101266363839
"27144,27143",0.00280164790559276
"27146,8188",9.83170407614402e-05
"27154,25370",9.48799933380977e-05
"27154,27153",0.000101516380828822
"27155,25370",0.000170144641588172
"27155,26152",0.000352199434781017
"27155,26731",0.0010058052585818
"27155,27154",3.11466403954495e-05
"27156,24976",2.37283103637947e-05
"27157,26865",7.06434199883491e-05
"27161,27628",3.20667261555432e-05
"27162,16783",0.000568018159166347
"27163,19218",8.95993628892036e-05
"27163,24352",5.27580063987473e-05
"27163,27162",0.000847642138793721
"27166,25318",0.00022492291566072
"27167,27235",0.000426107845707577
"27169,25493",0.000859004659111923
"27170,15674",0.000459537254661856
"27170,24114",9.50974048281473e-05
"27170,27049",0.000138896089253375
"27171,27173",0.000619513327368764
"27171,27175",0.000880086951772336
"27172,27174",0.000371713276288621
"27172,27347",0.000628199367587549
"27175,18646",0.000420239383999947
"27175,27173",0.000723014939930916
"27175,27351",0.000255008073609624
"27177,27178",0.000141084088080195
"27179,27060",0.000575978288386956
"27179,27180",4.92797952698891e-05
"27180,28143",0.00029663491901458
"27181,26039",0.000247124728906314
"27183,27182",0.000198060081269126
"27184,27185",0.000242643339139328
"27187,25162",0.00145058160923453
"27188,27187",0.000889306023297744
"27189,27190",0.00128829926570962
"27191,25592",0.00103162248154009
"27191,27192",0.000502713345276781
"27192,27102",9.54709301539267e-05
"27193,27194",0.00102576254315129
"27196,25210",0.000410852366886936
"27198,27197",0.000251617836004188
"27199,26901",0.000503632324144072
"27200,15502",0.000217257043383507
"27202,27201",0.000740802311159743
"27203,27278",0.000145214818358384
"27204,26158",0.000231028608536489
"27204,27774",0.000188367581702956
"27207,25738",0.00100756157784323
"27207,27206",0.000524755963671671
"27208,27209",0.00115488775151591
"27210,27209",0.000321919943229973
"27210,28456",0.00124036261688692
"27211,23818",0.000539071981125708
"27211,25738",0.000215926291049788
"27211,27208",0.000370493856825101
"27211,27210",0.000945556252593265
"27212,25636",0.000165031251866228
"27215,27062",0.000455110806150202
"27216,23455",0.00122787661342532
"27217,10974",0.000827100935178876
"27217,27664",0.000199357729681835
"27225,27226",6.31209527550158e-05
"27234,26576",0.00147530853720096
"27237,24674",0.00102899926207981
"27238,26865",0.000232008882481675
"27258,25144",0.000723014939930916
"27258,25290",0.000405758596040199
"27258,26879",0.00109172495572372
"27258,27259",0.000938186863547253
"27259,26878",0.000314910214733739
"27268,27166",5.81390611295776e-05
"27268,27199",0.000226353718770124
"27269,27270",0.00016055744905131
"27276,26626",0.000782410709011018
"27276,27104",0.00066677821263302
"27278,27203",6.46200581556379e-05
"27279,27278",0.000113380341987759
"27286,26988",0.000245747413684975
"27291,27105",0.000533102557269214
"27295,27294",5.26588187903824e-05
"27296,118",0.000863921363270795
"27296,22326",0.000192865397246428
"27296,8171",0.000786068549310464
"27300,25491",0.000152162222589497
"27303,27749",0.000259193526109551
"27304,27303",7.82802989815418e-05
"27305,27059",0.000303518352614992
"27307,27306",0.000135051514479616
"27308,27309",0.000279577398579308
"27308,27310",0.000423262834361264
"27311,26972",0.000404207880010194
"27311,26973",0.000283476314513704
"27317,26946",0.000538496316890087
"27317,27545",0.00017641928494511
"27320,24618",0.000375442754053416
"27321,26454",0.000626707361845368
"27321,28014",0.000222321913440006
"27323,26156",0.000311844556661103
"27324,27325",0.000295240942166691
"27326,25427",6.96464730216521e-05
"27327,27333",0.000222209184323159
"27328,25429",9.13913064180791e-05
"27328,25433",0.000528247001868341
"27330,27334",3.93923786359347e-05
"27331,27332",0.000310831339783544
"27343,27344",0.000235579846457656
"27346,27345",0.0004078206251457
"27347,27175",0.000145348675525356
"27347,27352",0.000178462664023728
"27348,27172",0.000653473470821865
"27348,27349",0.000104744551339829
"27350,27351",0.000523307661651615
"27352,27353",0.000101574509561291
"27357,24723",0.000414619047078477
"27357,26604",0.000654521687089651
"27363,26467",0.000391773194908376
"27363,26470",0.00027404425472407
"27364,27363",0.000416208750510666
"27366,27367",0.000227351817424664
"27367,27365",0.000565119461677561
"27367,27366",0.000522931182258519
"27369,25196",0.000351019180495917
"27369,25859",0.000291768887725113
"27369,26864",0.000663401277080288
"27369,28177",0.000586490146665655
"27370,27371",0.000495632682830071
"27374,26854",0.00023106853900547
"27374,26855",0.000696479406236892
"27377,27376",0.000125399465322269
"27379,27380",0.000313584456386545
"27381,27382",0.000157014156852005
"27383,27384",0.000204497251605338
"27388,27387",0.000869373917822039
"27391,27392",0.000556185498430013
"27393,27159",5.00640575461016e-05
"27466,27190",0.000766967760208774
"27468,27372",0.000511427494943018
"27491,27383",8.29777466515473e-05
"27491,27386",0.000296843285304743
"27525,28255",0.00074767781130314
"27526,28225",0.00014510608442401
"27526,28396",0.000259359692008686
"27527,27525",4.75599293575454e-05
"27541,23390",0.00171690730891136
"27542,27543",0.000568715870723415
"27546,27033",4.9514449634238e-05
"27547,27031",0.00153632303218301
"27547,27032",0.000491458515788053
"27552,27553",4.19677865232772e-05
"27578,27378",0.000929622292606031
"27584,27583",0.000254999817567628
"27601,27600",7.59044899560773e-05
"27630,27629",0.000770726526807024
"27633,26177",0.000252119056164836
"27636,27638",0.00017514504421311
"27637,26178",4.04970584918266e-05
"27662,25977",0.000949265986878029
"27662,26827",0.000664469792490401
"27662,27663",0.000400601909286734
"27668,24937",0.000732410178241414
"27671,26799",0.000155630855767295
"27676,27466",0.000163453899394153
"27678,27677",0.000948532513330625
"27679,27680",0.000214016553854528
"27679,28242",0.000289951982974121
"27682,27681",9.93249638757801e-05
"27696,27216",0.000422823508793769
"27710,24900",0.000111447509604116
"27714,27127",0.000181420480021153
"27716,28466",3.09077765340831e-05
"27730,27732",9.36115463253322e-05
"27741,22911",0.000574043447539053
"27742,23547",0.000313031325240116
"27742,28077",7.99576869555353e-05
"27745,26934",0.000417747155930865
"27774,27204",0.00021169198502159
"27775,25093",0.000314548332946947
"27776,23575",0.000253658418167759
"27776,25092",0.000248276593127277
"27783,27782",5.17630355038599e-05
"27839,27838",3.06779702893452e-05
"27875,27709",0.000307146204233893
"27916,25373",0.000161803671750039
"27917,25601",0.000584073570984316
"27919,26435",0.00133103639522042
"27920,27917",0.000107013293223905
"27927,15431",0.000285160939661219
"27928,27321",0.000311955942097876
"27939,24567",0.000692622214691221
"27939,25963",0.000658236999711236
"27962,27963",0.000106736402401732
"27967,27966",4.7650595935587e-05
"28014,28015",3.04581845537912e-05
"28015,26847",0.0002042394126831
"28015,28014",0.000159848566703403
"28015,28397",0.000435117233549463
"28016,15613",0.00113900842384431
"28023,26936",0.000361873257583587
"28067,28112",0.000314215209745585
"28078,27931",5.16406281115673e-05
"28080,28081",0.000111293052524154
"28081,28195",8.88877417690899e-05
"28082,28092",7.79687249749522e-05
"28083,28080",0.000528336956834753
"28085,28087",0.000297123736128778
"28088,28089",5.5723865140282e-05
"28090,28093",0.000262514533642186
"28091,28096",4.98917218675861e-05
"28094,28097",7.65971773490033e-05
"28098,27978",8.22933156471937e-05
"28099,28055",0.000363928350350821
"28100,26746",0.000243287389621525
"28115,26934",0.000499961801413439
"28118,27380",6.05928701882093e-05
"28134,25837",0.000784967822592122
"28134,26625",0.00158410265120929
"28134,27658",0.000723014939930916
"28140,25798",0.000251225548943582
"28142,28141",0.000254882815779906
"28144,26953",0.00101212988929335
"28144,28145",0.000352953433160532
"28166,28165",0.00186495973133564
"28167,24809",7.05365671393852e-05
"28172,28173",0.000332173640799166
"28174,28175",0.000834622856140982
"28189,28190",4.20796800676574e-05
"28191,28192",0.000227046997240032
"28193,28194",3.47322885924572e-05
"28198,23697",0.000407870743149441
"28204,26702",0.000448889074672107
"28205,24773",0.000812863411122277
"28206,28207",0.00173783169708561
"28207,28209",0.000229069973736146
"28215,28216",0.000878819565944692
"28217,28218",0.000369610272605767
"28226,27526",0.000428780613440205
"28227,28254",0.000103681884829487
"28229,27318",0.000357170164293765
"28230,28231",0.000327397755321525
"28234,28233",0.000383708312978331
"28236,28237",0.00143449346154523
"28238,28237",0.000103582704246482
"28238,28240",0.00089504561520321
"28239,28235",0.00167825523656902
"28252,28253",0.00125122049684667
"28255,28396",8.4022983498138e-05
"28264,27257",0.001130804482838
"28285,28200",0.000650359364230298
"28327,28328",0.000283809314739465
"28354,27118",0.000641255079456353
"28360,28361",4.61327672633078e-05
"28365,28364",7.60633998906294e-05
"28367,28368",0.00015230108925677
"28369,28370",0.000292762875464192
"28372,28371",0.000112359183316673
"28373,28374",9.17366835873613e-05
"28376,28375",0.00044919482285793
"28379,28378",0.000839554935713696
"28382,24809",2.62764685804239e-05
"28385,28384",0.00028726807639379
"28387,28388",0.000387956576278307
"28388,27204",0.00013210814751674
"28390,28389",0.000159627015723118
"28392,28391",4.05784103392425e-05
"28393,26125",0.000435672856923205
"28395,27553",7.479763299839e-05
"28398,25092",0.000146546156010675
"28398,27786",0.00106237715991444
"28406,28407",0.000182110854405064
"28444,28445",0.000279161349934671
"28458,28457",0.000163696081631314
"28461,28460",0.000225265096514652
"28463,28462",0.000316271756817737
"28465,27270",6.72230806449177e-05
"4517,24039",0.000491432303292505
"672,11397",0.000245543353107727
"8149,8150",0.00234800426055183
"8150,8149",0.00130132834691505
"8188,27146",0.000278755091802827
"8197,26450",0.00129307422691492
"8223,8226",0.000483588457765565
"8399,22795",0.00072741132777424
"8401,15644",0.000590683366347264
"8412,22801",0.00287003326640461
"9112,15786",0.00105634431973173
"9202,24517",0.000525173976466574
"9329,28459",0.000669949457074629
"9330,22651",0.00090703119820814
